project,target,configuration,hash,code,status,start,end
itpr-client-ui,build,,1780406901211517276,0,success,1722291829297,1722291832013
itpr-client-ui,build,,2283340236202846085,0,success,1722291847563,1722291850059
itpr-client-ui,build,,7894516975507100061,0,success,1722291868863,1722291871281
itpr-client-ui,build,,1124790461822954167,0,success,1722291904256,1722291906761
itpr-client-ui,build,,1124790461822954167,0,local-cache-kept-existing,1722291913049,1722291913088
itpr-client-ui,build,,1124790461822954167,0,local-cache-kept-existing,1722291920437,1722291920475
itpr-client-ui,build,,1124790461822954167,0,local-cache-kept-existing,1722291924064,1722291924104
itpr-client-ui,build,,1124790461822954167,0,local-cache-kept-existing,1722291926397,1722291926439
itpr-client-ui,build,,1124790461822954167,0,local-cache-kept-existing,1722291936528,1722291936566
itpr-client-ui,build,,4070940014895277592,0,success,1722292241956,1722292244468
itpr-client-ui,build,,13653139582722209261,0,success,1722292298871,1722292301356
itpr-client-ui,build,,12995804770908579242,0,success,1722292304512,1722292307182
itpr-client-ui,build,,9765558162516765975,0,success,1722292314015,1722292316633
itpr-client-ui,build,,5858148217288684301,0,success,1722292327924,1722292330567
itpr-client-ui,build,,5858148217288684301,0,local-cache-kept-existing,1722292333903,1722292333941
itpr-client-ui,build,,5858148217288684301,0,local-cache-kept-existing,1722292336660,1722292336698
itpr-client-ui,build,,5858148217288684301,0,local-cache-kept-existing,1722292338972,1722292339012
itpr-client-ui,build,,5858148217288684301,0,local-cache-kept-existing,1722292348007,1722292348048
empty-project,build,,16763238483718864201,0,success,1722292903142,1722292903965
